date,open,high,low,close,volume
2021-05-12,25.6,25.75,24.85,25.05,8265396.0
2021-05-14,25.2,25.6,24.75,25.15,12078826.0
2021-05-17,25.25,26.4,25.05,26.2,26940820.0
2021-05-18,26.5,26.7,26.0,26.25,12777699.0
2021-05-19,26.2,27.1,26.05,26.8,18776181.0
2021-05-20,26.5,26.85,25.9,26.1,12506758.0
2021-05-21,26.1,26.65,25.85,26.4,17982002.0
2021-05-24,26.5,27.1,26.35,26.85,14800626.0
2021-05-25,26.85,27.4,26.6,26.95,36193556.0
2021-05-26,26.95,27.75,26.55,27.2,57863432.0
2021-05-27,27.25,27.5,26.55,26.8,37659153.0
2021-05-28,26.8,26.9,26.05,26.15,13178710.0
2021-05-31,26.15,26.4,25.95,26.05,9272882.0
2021-06-01,26.2,26.2,25.45,25.7,10882858.0
2021-06-02,25.7,26.7,25.5,26.2,16363455.0
2021-06-03,26.25,26.65,26.05,26.15,9860224.0
2021-06-04,26.15,26.35,26.0,26.2,6786107.0
2021-06-07,26.2,27.4,26.2,26.7,17689975.0
2021-06-08,26.7,27.2,26.15,26.7,13872836.0
2021-06-09,26.7,27.5,26.2,26.4,14481646.0
2021-06-10,26.4,27.1,26.4,26.85,6935891.0
2021-06-11,26.9,27.25,26.7,27.05,10318654.0
2021-06-14,26.95,26.95,26.05,26.75,10522261.0
2021-06-15,26.85,31.4,26.6,30.6,157501390.0
2021-06-16,30.85,30.95,29.3,29.65,82414537.0
2021-06-17,29.4,30.05,28.5,28.75,41110436.0
2021-06-18,29.0,29.15,27.4,28.2,33975886.0
2021-06-21,28.2,32.15,27.7,30.9,125390404.0
2021-06-22,31.2,33.15,30.0,32.5,151696775.0
2021-06-23,33.0,33.9,32.15,32.4,106316248.0
2021-06-24,32.55,33.25,31.35,31.75,51087108.0
2021-06-25,31.55,32.45,31.2,31.7,37040808.0
2021-06-28,31.75,32.1,31.1,31.25,27690617.0
2021-06-29,31.25,31.65,30.5,30.7,52048148.0
2021-06-30,31.0,32.4,30.45,31.8,69831953.0
2021-07-01,32.15,32.8,31.65,31.9,42475245.0
2021-07-02,32.1,32.7,31.7,32.6,45496444.0
2021-07-05,32.75,33.15,32.4,32.6,25585760.0
2021-07-06,32.55,32.95,31.55,31.7,19924482.0
2021-07-07,31.7,31.95,31.4,31.8,10166106.0
2021-07-08,31.8,33.15,31.65,32.15,33831303.0
2021-07-09,32.05,32.35,31.7,32.0,22238792.0
2021-07-12,31.9,32.5,31.4,31.5,16838547.0
2021-07-13,31.9,31.95,31.45,31.55,9549555.0
2021-07-14,31.6,31.75,31.0,31.1,10912132.0
2021-07-15,31.1,31.2,30.65,30.85,11535436.0
2021-07-16,31.0,31.5,30.8,31.1,11314890.0
2021-07-19,30.75,30.85,30.15,30.25,10326116.0
2021-07-20,30.25,30.35,28.95,29.2,20602961.0
2021-07-22,29.25,29.55,29.2,29.4,10541919.0
2021-07-23,29.5,29.6,28.65,29.0,15511883.0
2021-07-26,28.6,28.85,28.0,28.25,29097889.0
2021-07-27,28.35,28.6,27.8,27.95,18354875.0
2021-07-28,28.0,28.05,27.35,27.55,15399708.0
2021-07-29,27.75,28.3,27.55,28.05,16865238.0
2021-07-30,28.15,28.55,27.9,28.4,16028878.0
2021-08-02,28.6,29.35,28.5,29.0,22499226.0
2021-08-03,28.85,29.0,28.1,28.65,17103677.0
2021-08-04,28.6,29.0,27.8,28.3,16667530.0
2021-08-05,28.25,29.05,27.7,28.8,14585753.0
2021-08-06,28.65,29.15,28.5,28.85,13112940.0
2021-08-09,28.85,29.0,28.15,28.25,8972468.0
2021-08-10,28.25,28.75,27.7,27.95,14432755.0
2021-08-11,28.15,28.25,27.5,27.95,9387395.0
2021-08-12,28.0,28.45,27.95,28.15,7524472.0
2021-08-13,28.45,28.7,27.8,28.05,9681567.0
2021-08-16,27.85,29.0,27.85,28.85,13706266.0
2021-08-17,28.85,29.9,28.6,29.0,25971812.0
2021-08-18,29.0,29.85,28.65,28.85,19673326.0
2021-08-20,28.65,28.8,27.35,27.55,8949395.0
2021-08-23,27.9,28.1,27.4,27.55,12667787.0
2021-08-24,27.95,28.45,27.65,28.3,12127329.0
2021-08-25,28.45,29.15,28.3,28.9,9178687.0
2021-08-26,28.85,29.1,28.6,28.75,6055787.0
2021-08-27,28.65,29.4,28.6,29.15,7615483.0
2021-08-30,29.3,29.6,29.15,29.4,6760601.0
2021-08-31,29.45,29.55,28.9,29.05,4917548.0
2021-09-01,29.2,30.65,28.9,30.3,11482944.0
2021-09-02,30.6,31.0,30.3,30.45,12981990.0
2021-09-03,30.55,30.85,30.1,30.45,7256786.0
2021-09-06,30.55,31.5,30.45,30.85,12635608.0
2021-09-07,31.0,31.15,30.35,30.6,6902092.0
2021-09-08,30.6,30.8,30.1,30.5,5086075.0
2021-09-09,30.45,30.6,29.95,30.1,4804373.0
2021-09-13,30.0,30.2,29.6,30.0,5806279.0
2021-09-14,30.2,30.3,29.8,30.0,4332410.0
2021-09-15,30.1,32.55,30.05,32.3,32482573.0
2021-09-16,32.35,32.65,31.65,32.15,15173568.0
2021-09-17,32.4,33.1,31.35,31.55,23968716.0
2021-09-20,31.35,36.2,30.85,34.05,89463138.0
2021-09-21,34.3,35.65,33.45,35.3,50711004.0
2021-09-22,35.5,36.45,34.6,36.25,48916676.0
2021-09-23,36.4,36.8,35.65,36.0,44695923.0
2021-09-24,36.15,38.15,35.95,36.3,53833205.0
2021-09-27,36.3,37.0,35.5,36.5,36996586.0
2021-09-28,36.7,37.1,35.55,35.85,34863839.0
2021-09-29,35.6,39.4,35.5,38.0,66470480.0
2021-09-30,38.6,39.4,38.15,38.35,34318100.0
2021-10-01,38.3,41.65,37.5,41.0,115868519.0
2021-10-04,41.35,41.75,40.3,40.75,38220398.0
2021-10-05,40.8,41.7,40.4,40.55,24837131.0
2021-10-06,40.6,41.0,39.05,39.3,28817707.0
2021-10-07,39.65,40.95,39.55,39.9,19782082.0
2021-10-08,40.35,40.4,39.2,39.4,13851107.0
2021-10-11,39.75,45.0,39.6,43.05,78174022.0
2021-10-12,43.45,43.65,42.4,43.0,25924498.0
2021-10-13,43.0,46.1,42.9,44.5,52559607.0
2021-10-14,44.9,45.55,43.2,43.4,21192063.0
2021-10-18,43.6,44.45,42.7,43.0,19529191.0
2021-10-19,43.1,44.4,41.5,41.75,24101482.0
2021-10-20,42.05,42.6,40.4,41.95,22936970.0
2021-10-21,42.35,42.8,40.9,41.45,22141937.0
2021-10-22,41.5,41.75,39.6,39.85,19796472.0
2021-10-25,40.05,41.1,38.8,40.8,19221455.0
2021-10-26,41.1,41.6,40.6,41.2,12280853.0
2021-10-27,41.6,42.15,40.4,40.7,12566321.0
2021-10-28,40.55,41.05,39.5,39.75,17082320.0
2021-10-29,39.85,42.1,39.3,40.55,20553577.0
2021-11-01,40.7,42.45,40.4,42.25,22702105.0
2021-11-02,42.35,42.4,41.75,41.95,11641592.0
2021-11-03,42.1,43.05,40.85,41.05,27143875.0
2021-11-04,41.3,41.65,40.5,41.2,2827504.0
2021-11-08,41.35,42.7,41.15,42.15,14937960.0
2021-11-09,42.25,42.65,41.95,42.25,7742826.0
2021-11-10,42.2,43.05,41.65,41.8,17598667.0
2021-11-11,41.9,43.35,41.3,43.05,21340300.0
2021-11-12,43.35,43.35,41.55,42.05,21709880.0
2021-11-15,41.9,42.3,39.9,40.5,18394897.0
2021-11-16,40.5,41.7,40.5,40.8,11523660.0
2021-11-17,40.8,40.85,39.6,39.75,15351561.0
2021-11-18,40.05,40.4,39.0,39.25,15410264.0
2021-11-22,38.8,39.0,36.25,37.45,34821252.0
2021-11-23,37.45,39.75,37.25,39.4,28645241.0
2021-11-24,39.6,40.15,39.05,39.4,18560382.0
2021-11-25,39.25,40.15,38.9,39.4,22108683.0
2021-11-26,39.0,39.5,37.3,38.7,21000877.0
2021-11-29,38.0,39.0,36.7,37.45,17252885.0
2021-11-30,37.45,39.4,37.35,37.6,23793738.0
2021-12-01,37.75,38.7,37.25,38.45,11117134.0
2021-12-02,38.45,41.75,38.25,41.3,44597242.0
2021-12-03,41.15,42.85,40.95,42.45,24641483.0
2021-12-06,42.6,43.25,41.55,41.85,19254128.0
2021-12-07,42.15,42.95,41.95,42.85,14024340.0
2021-12-08,43.5,43.6,42.25,42.6,14303442.0
2021-12-09,42.85,44.45,42.4,43.85,24445119.0
2021-12-10,43.85,44.65,43.55,43.85,18156668.0
2021-12-13,44.2,44.35,42.8,43.05,13474318.0
2021-12-14,42.95,43.45,41.75,43.15,17681931.0
2021-12-15,43.2,43.5,42.1,42.2,8686470.0
2021-12-16,42.4,42.95,42.0,42.7,8601697.0
2021-12-17,42.65,42.65,41.25,41.45,16747306.0
2021-12-20,40.85,41.0,38.55,39.7,14192679.0
2021-12-21,39.95,40.85,39.65,39.85,11810471.0
2021-12-22,40.3,43.1,40.25,42.85,25202597.0
2021-12-23,43.9,43.9,42.4,42.6,34867681.0
2021-12-24,42.9,43.0,42.15,42.65,22562103.0
2021-12-27,42.65,48.5,42.35,46.15,102895796.0
2021-12-28,46.25,47.25,45.65,46.35,44662750.0
2021-12-29,46.2,48.15,46.05,47.15,44915458.0
2021-12-30,46.85,47.3,46.2,46.65,22694166.0
2021-12-31,46.9,47.2,45.5,45.75,21839553.0
2022-01-03,46.55,48.2,45.5,47.4,39048484.0
2022-01-04,47.6,48.75,46.3,48.2,39925440.0
2022-01-05,48.3,49.15,47.0,47.3,33613931.0
2022-01-06,47.0,49.1,46.75,48.3,42448469.0
2022-01-07,48.7,48.8,44.55,45.8,131903062.0
2022-01-10,46.4,49.05,45.4,48.45,116152197.0
2022-01-11,43.75,46.7,43.15,44.85,58181562.0
2022-01-12,45.0,45.4,43.95,45.1,23224952.0
2022-01-13,45.1,45.2,44.3,44.55,15851805.0
2022-01-14,44.5,45.95,44.25,45.35,23324620.0
2022-01-17,45.35,46.1,44.6,44.85,21995345.0
2022-01-18,45.2,45.2,43.1,43.4,16301907.0
2022-01-19,43.5,44.2,42.1,44.05,15624047.0
2022-01-20,44.0,44.4,43.05,43.35,15511799.0
2022-01-21,43.35,43.7,42.0,42.3,8765751.0
2022-01-24,42.3,42.75,39.6,39.95,11945896.0
2022-01-25,39.75,40.8,39.0,40.4,12643024.0
2022-01-27,40.3,40.3,39.05,40.0,16724976.0
2022-01-28,40.25,41.5,40.15,40.55,12378345.0
2022-01-31,41.05,42.4,40.8,42.1,16348373.0
2022-02-01,42.8,43.75,41.7,42.4,35041530.0
2022-02-02,42.7,44.2,42.7,43.8,29735952.0
2022-02-03,43.85,44.5,43.45,44.15,18409475.0
2022-02-04,44.15,44.15,42.95,43.15,12039836.0
2022-02-07,43.0,43.2,41.8,42.4,12543665.0
2022-02-08,42.55,42.85,41.3,42.6,20925822.0
2022-02-09,43.1,43.75,42.15,43.15,19589633.0
2022-02-10,44.0,44.0,42.25,42.55,22025673.0
2022-02-11,42.0,43.15,41.8,42.35,14180502.0
2022-02-14,41.1,41.4,39.0,39.2,22010298.0
2022-02-15,39.4,41.25,38.95,41.1,30187537.0
2022-02-16,41.25,41.45,40.5,40.65,10503655.0
2022-02-17,40.8,41.1,39.9,40.35,25686456.0
2022-02-18,40.1,40.8,39.8,39.95,8122542.0
2022-02-21,39.8,39.95,38.95,39.1,9207101.0
2022-02-22,37.6,38.45,37.4,38.1,13105892.0
2022-02-23,38.35,39.45,38.25,38.65,9393129.0
2022-02-24,37.15,37.5,33.85,34.5,18505953.0
2022-02-25,35.75,37.8,35.6,37.5,31393404.0
2022-02-28,36.8,38.2,36.2,37.9,13214229.0
2022-03-02,37.8,38.35,36.95,38.05,9916970.0
2022-03-03,38.6,38.95,37.95,38.4,10886063.0
2022-03-04,38.0,38.15,37.0,37.3,7970558.0
2022-03-07,36.95,36.95,35.7,36.4,7584430.0
2022-03-08,36.6,38.0,36.6,37.8,12066703.0
2022-03-09,38.1,39.95,38.0,39.65,16570605.0
2022-03-10,40.85,40.85,38.9,39.2,15544953.0
2022-03-11,39.0,39.6,38.7,39.35,35053659.0
2022-03-14,39.3,39.5,38.15,38.75,14545197.0
2022-03-15,38.9,39.05,37.4,37.6,9946649.0
2022-03-16,38.15,38.65,38.0,38.5,19650499.0
2022-03-17,39.25,39.25,38.0,38.15,35106874.0
2022-03-21,38.4,38.4,37.3,37.4,12932689.0
2022-03-22,37.5,38.15,36.75,38.05,16687586.0
2022-03-23,38.3,38.45,37.05,37.2,17675444.0
2022-03-24,37.1,37.2,36.75,36.85,12203143.0
2022-03-25,37.0,37.25,36.45,36.7,17302323.0
2022-03-28,36.7,36.8,35.7,35.9,36688989.0
2022-03-29,36.0,37.0,35.45,36.7,16891895.0
2022-03-30,36.95,37.6,36.6,37.1,9158273.0
2022-03-31,37.05,37.6,36.35,36.95,14694242.0
2022-04-01,36.9,39.3,36.6,38.9,15793675.0
2022-04-04,39.2,39.8,38.7,39.1,10241970.0
2022-04-05,39.1,40.05,38.95,39.5,20297181.0
2022-04-06,39.3,41.0,39.1,40.9,14368197.0
2022-04-07,40.8,41.3,39.85,40.25,11801778.0
2022-04-08,40.4,40.85,39.65,40.5,11480007.0
2022-04-11,40.4,41.0,39.75,40.0,8233912.0
2022-04-12,39.8,40.0,38.8,39.4,8712759.0
2022-04-13,39.6,39.75,38.8,38.95,5616753.0
2022-04-18,38.95,38.95,37.9,38.6,6329602.0
2022-04-19,38.85,38.95,36.5,37.15,6178874.0
2022-04-20,37.45,37.6,36.65,36.8,10742658.0
2022-04-21,37.0,38.15,37.0,38.0,8419032.0
2022-04-22,37.95,38.5,37.45,37.5,9196414.0
2022-04-25,37.0,37.2,36.4,37.0,9058577.0
2022-04-26,37.25,38.0,37.15,37.9,6225683.0
2022-04-27,37.75,37.85,36.8,37.1,5953207.0
2022-04-28,37.3,37.55,36.45,37.25,9462863.0
2022-04-29,37.5,38.5,37.45,37.65,7998805.0
2022-05-02,37.45,38.1,36.65,37.75,6556068.0
2022-05-04,37.95,37.95,35.65,36.1,9019333.0
2022-05-05,36.5,36.95,35.85,36.0,4540022.0
2022-05-06,35.4,35.6,34.7,35.15,6533719.0
2022-05-09,35.15,35.15,33.65,33.85,8739459.0
2022-05-10,33.85,34.8,33.4,33.55,6244642.0
2022-05-11,33.85,34.1,31.85,33.35,14373142.0
2022-05-12,33.0,33.15,31.75,32.45,10389381.0
2022-05-13,32.5,34.15,32.5,33.45,8994513.0
2022-05-16,33.4,35.0,33.2,34.85,7519764.0
2022-05-17,34.6,36.65,34.6,36.4,9110122.0
2022-05-18,36.0,36.4,35.15,35.9,11517497.0
2022-05-19,35.15,35.6,34.8,35.35,5759916.0
2022-05-20,35.75,36.95,35.6,36.6,6277156.0
2022-05-23,36.95,37.5,36.45,36.65,10715402.0
2022-05-24,36.95,37.5,36.55,37.0,113078690.0
2022-05-25,37.4,37.65,36.15,36.25,5882363.0
2022-05-26,36.65,37.45,35.45,36.9,6890668.0
2022-05-27,37.05,38.05,36.75,37.9,11738020.0
2022-05-30,38.0,38.85,37.9,38.4,7655983.0
2022-05-31,38.4,39.0,37.65,38.0,13388328.0
2022-06-01,38.4,38.75,38.1,38.6,6964281.0
2022-06-02,38.45,38.7,38.1,38.55,3928757.0
2022-06-03,38.7,38.9,37.05,37.25,6274012.0
2022-06-06,37.25,37.6,36.65,37.15,3640868.0
2022-06-07,37.0,37.45,36.35,36.75,4893891.0
2022-06-08,36.7,37.3,36.2,36.3,4559023.0
2022-06-09,36.35,36.75,35.85,36.5,7390869.0
2022-06-10,36.05,37.6,35.95,37.3,12695295.0
2022-06-13,36.75,36.8,35.3,35.7,12669173.0
2022-06-14,35.3,36.4,35.3,35.8,5239412.0
2022-06-15,35.8,36.15,35.5,35.85,3855428.0
2022-06-16,36.45,36.45,33.75,34.3,17534150.0
2022-06-17,34.0,34.45,33.25,34.15,11925300.0
2022-06-20,34.05,34.45,32.3,33.4,14776160.0
2022-06-21,33.6,35.6,33.55,35.05,7187200.0
2022-06-22,34.6,34.7,33.05,33.5,5521869.0
2022-06-23,33.55,34.25,33.35,33.9,5678741.0
2022-06-24,34.15,34.9,34.1,34.8,2966980.0
2022-06-27,35.25,35.5,34.55,34.9,3693611.0
2022-06-28,34.9,35.2,34.7,34.9,8836669.0
2022-06-29,34.75,34.95,34.5,34.65,3199376.0
2022-06-30,34.65,35.0,33.9,34.1,5553842.0
2022-07-01,34.0,34.75,33.6,34.5,4338629.0
2022-07-04,34.45,34.65,33.45,33.95,7255330.0
2022-07-05,34.15,34.4,33.45,33.55,4844618.0
2022-07-06,33.75,34.25,33.25,34.15,5771798.0
2022-07-07,34.3,34.95,34.0,34.7,4356864.0
2022-07-08,34.95,35.1,34.35,34.8,4084470.0
2022-07-11,34.8,35.55,34.45,35.3,4673120.0
2022-07-12,35.1,35.3,34.8,34.9,2719360.0
2022-07-13,35.3,35.3,34.45,34.85,5090865.0
2022-07-14,35.0,35.1,34.1,34.55,5252987.0
2022-07-15,34.7,35.05,34.35,34.95,4017648.0
2022-07-18,35.05,35.35,34.8,35.25,3560766.0
2022-07-19,35.2,35.2,34.5,34.75,7899923.0
2022-07-20,35.15,35.2,34.4,34.6,9498764.0
2022-07-21,34.6,35.5,34.3,35.3,9654460.0
2022-07-22,35.5,35.7,34.7,35.25,6208053.0
2022-07-25,35.4,36.15,34.8,35.8,8266996.0
2022-07-26,35.75,35.95,35.0,35.1,11053585.0
2022-07-27,34.9,35.7,34.6,35.5,6682240.0
2022-07-28,35.7,36.15,35.3,35.45,5352273.0
2022-07-29,35.9,38.05,35.6,37.5,20297669.0
2022-08-01,37.5,37.5,35.9,36.05,10873215.0
2022-08-02,35.5,35.8,34.6,35.5,14396230.0
2022-08-03,35.6,35.95,35.0,35.25,5125071.0
2022-08-04,35.35,35.65,34.55,34.8,5525906.0
2022-08-05,34.75,35.05,34.5,34.65,4493985.0
2022-08-08,34.7,34.95,34.2,34.3,4252123.0
2022-08-10,34.25,35.0,34.15,34.65,4503117.0
2022-08-11,34.95,35.1,34.55,34.7,3369931.0
2022-08-12,34.75,34.85,34.4,34.5,2896690.0
2022-08-16,34.6,35.15,34.4,35.0,4295718.0
2022-08-17,35.0,35.55,35.0,35.35,3889171.0
2022-08-18,35.35,35.75,35.05,35.5,4222665.0
2022-08-19,35.4,35.85,34.6,34.8,4590173.0
2022-08-22,34.75,34.85,33.75,34.2,8561624.0
2022-08-23,34.0,34.45,33.65,34.05,5359635.0
2022-08-24,34.05,34.25,33.35,33.7,10535335.0
2022-08-25,33.95,35.35,33.9,34.6,25828396.0
2022-08-26,35.25,35.5,35.0,35.2,5584037.0
2022-08-29,34.65,34.8,34.0,34.55,8692902.0
2022-08-30,35.1,36.4,34.9,35.95,13305459.0
2022-09-01,35.75,38.7,35.7,38.4,33028185.0
2022-09-02,38.6,40.75,38.0,39.4,40700527.0
2022-09-05,39.65,40.1,38.85,39.2,12656930.0
2022-09-06,39.3,39.8,39.0,39.1,7221209.0
2022-09-07,38.8,40.2,38.7,39.75,10014327.0
2022-09-08,39.95,40.1,39.35,39.6,5492603.0
2022-09-09,40.0,40.75,39.35,39.5,10870076.0
2022-09-12,39.55,39.9,39.05,39.3,5421299.0
2022-09-13,39.55,40.65,39.35,40.45,10303279.0
2022-09-14,39.7,40.35,39.4,40.0,10457980.0
2022-09-15,40.25,41.8,40.0,40.2,20227910.0
2022-09-16,40.2,40.25,38.2,38.4,15850342.0
2022-09-19,38.5,39.35,37.85,38.8,8085665.0
2022-09-20,39.0,39.35,38.15,38.25,9322597.0
2022-09-21,38.15,38.6,38.0,38.15,8215782.0
2022-09-22,38.2,38.4,37.55,37.95,6196072.0
2022-09-23,37.95,38.05,36.8,37.2,14295733.0
2022-09-26,36.7,36.75,35.05,35.6,13150203.0
2022-09-27,35.8,36.2,35.3,35.75,10975815.0
2022-09-28,35.65,36.1,35.0,35.25,6028076.0
2022-09-29,35.6,36.15,34.35,35.45,11259415.0
2022-09-30,35.15,35.9,34.5,35.55,16282366.0
2022-10-03,35.75,35.9,34.55,34.7,9884731.0
2022-10-04,35.15,35.75,35.0,35.65,4873009.0
2022-10-06,35.85,36.2,35.75,35.85,4147578.0
2022-10-07,35.9,35.9,35.1,35.45,4849512.0
2022-10-10,35.05,35.25,34.65,35.15,3648024.0
2022-10-11,35.3,35.35,34.75,34.8,4895330.0
2022-10-12,35.05,35.6,34.7,35.5,8077869.0
2022-10-13,35.55,35.85,34.3,34.6,7267888.0
2022-10-14,35.15,35.3,34.6,34.7,5255709.0
2022-10-17,34.8,35.1,34.1,34.85,4346349.0
2022-10-18,35.05,35.6,35.0,35.4,3988603.0
2022-10-19,35.5,35.65,34.85,34.9,4766651.0
2022-10-20,34.85,35.05,34.4,34.85,5542355.0
2022-10-21,34.9,35.15,34.35,34.9,8146367.0
2022-10-24,35.15,35.15,34.8,34.9,760433.0
2022-10-25,34.95,35.8,34.55,35.55,5660598.0
2022-10-27,35.7,38.75,35.35,37.6,24528900.0
2022-10-28,37.85,37.9,36.7,36.9,7122916.0
2022-10-31,37.05,37.6,36.75,37.45,6265164.0
2022-11-01,37.7,37.8,37.05,37.5,5552739.0
2022-11-02,37.45,37.65,36.95,37.15,3311355.0
2022-11-03,37.0,37.55,36.95,37.45,4245120.0
2022-11-04,37.45,38.3,37.4,38.05,9116017.0
2022-11-07,38.1,38.55,37.5,38.2,9106718.0
2022-11-09,38.4,38.5,37.55,37.7,6610782.0
2022-11-10,37.7,38.3,37.35,38.0,6122726.0
2022-11-11,38.3,38.7,37.85,38.15,8573033.0
2022-11-14,38.25,38.85,37.8,38.6,11493494.0
2022-11-15,38.5,38.5,36.5,37.0,16657698.0
2022-11-16,37.0,37.3,36.15,36.4,7229949.0
2022-11-17,36.5,37.9,35.6,37.35,18778913.0
2022-11-18,37.55,37.55,36.9,37.35,6573934.0
2022-11-21,37.4,37.8,36.95,37.6,5539471.0
2022-11-22,37.8,37.9,37.2,37.8,5484529.0
2022-11-23,37.85,39.45,37.6,39.0,17946338.0
2022-11-24,39.25,39.4,38.55,39.05,9727309.0
2022-11-25,38.95,41.05,38.8,40.7,28774593.0
2022-11-28,41.0,41.15,40.05,40.35,11501562.0
2022-11-29,40.35,41.35,39.9,40.6,13669530.0
2022-11-30,40.6,43.2,40.5,42.9,45231360.0
2022-12-01,43.2,43.25,42.5,42.75,17635621.0
2022-12-02,42.75,43.65,42.6,42.9,14471407.0
2022-12-05,42.95,43.6,42.7,43.4,16381267.0
2022-12-06,43.6,44.15,43.15,43.35,16304243.0
2022-12-07,43.4,43.6,42.35,43.2,15698962.0
2022-12-08,43.15,44.1,42.85,43.85,14371642.0
2022-12-09,44.05,44.3,42.15,42.7,13292760.0
2022-12-12,42.7,43.4,42.25,43.15,9936989.0
2022-12-13,43.4,43.65,43.1,43.4,7876925.0
2022-12-14,43.6,44.3,43.1,43.35,14894126.0
2022-12-15,43.2,43.65,42.0,42.4,11356770.0
2022-12-16,42.2,42.75,41.25,41.45,13833563.0
2022-12-19,41.8,43.1,41.1,42.85,14673777.0
2022-12-20,42.75,43.1,41.9,42.65,10389812.0
2022-12-21,42.95,42.95,40.6,40.9,10930509.0
2022-12-22,41.0,41.4,39.6,40.0,11818673.0
2022-12-23,39.4,39.65,37.45,37.8,15566348.0
2022-12-26,38.0,39.0,37.15,38.7,8868913.0
2022-12-27,38.9,39.35,38.45,39.15,10690052.0
2022-12-28,39.1,39.45,38.75,39.0,7510693.0
2022-12-29,39.0,40.15,38.5,39.4,22903405.0
2022-12-30,39.9,40.1,39.45,39.75,9135104.0
2023-01-02,40.0,41.05,39.9,40.75,15383996.0
2023-01-03,40.7,41.1,40.6,40.8,6138079.0
2023-01-04,40.75,41.0,39.7,39.9,10825925.0
2023-01-05,40.2,40.5,39.7,40.4,8074807.0
2023-01-06,40.5,40.65,39.85,40.15,12696901.0
2023-01-09,40.3,40.8,40.0,40.65,21414107.0
2023-01-10,40.7,40.95,39.95,40.3,8725686.0
2023-01-11,40.45,40.75,40.1,40.4,14329791.0
2023-01-12,40.45,40.75,40.2,40.4,7557886.0
2023-01-13,40.4,41.35,40.2,41.1,20821760.0
2023-01-16,41.0,41.15,40.3,40.35,4563216.0
2023-01-17,40.5,40.5,39.9,40.15,5134556.0
2023-01-18,40.2,40.7,40.0,40.6,4451416.0
2023-01-19,40.45,40.5,40.15,40.3,3580608.0
2023-01-20,40.3,40.4,39.7,39.8,5824125.0
2023-01-23,39.95,40.5,39.4,40.15,5300712.0
2023-01-24,40.2,40.4,39.75,39.85,4482402.0
2023-01-25,39.85,39.95,38.65,38.9,8963391.0
2023-01-27,39.0,39.05,36.0,36.95,21890672.0
2023-01-30,36.95,37.65,36.45,37.0,7717632.0
2023-01-31,37.4,38.5,36.95,38.35,6037935.0
2023-02-01,38.4,39.3,36.65,37.55,12266304.0
2023-02-02,37.45,37.9,36.65,37.2,9416237.0
2023-02-03,37.75,37.8,36.4,37.55,17133484.0
2023-02-06,37.65,38.15,37.35,37.7,10648385.0
2023-02-07,37.85,38.2,37.45,38.05,11446799.0
2023-02-08,38.25,38.9,37.9,38.8,10364584.0
2023-02-09,38.7,38.9,38.3,38.75,4650203.0
2023-02-10,38.7,39.0,38.5,38.75,4137026.0
2023-02-13,38.8,39.0,38.2,38.45,3282490.0
2023-02-14,38.7,38.7,38.05,38.15,3824544.0
2023-02-15,38.25,39.1,38.1,38.4,10137218.0
2023-02-16,38.75,40.05,38.4,39.5,10513744.0
2023-02-17,39.45,39.75,39.1,39.6,9720405.0
2023-02-20,39.75,39.75,39.05,39.15,6419565.0
2023-02-21,39.2,39.45,38.75,38.9,9035581.0
2023-02-22,38.85,39.05,38.2,38.5,10373931.0
2023-02-23,38.4,38.4,37.4,37.5,8954009.0
2023-02-24,37.65,37.85,37.1,37.2,4336804.0
2023-02-27,37.2,37.55,36.8,37.45,4564380.0
2023-02-28,37.5,38.0,37.45,37.9,5779017.0
2023-03-01,37.85,38.4,37.75,38.3,2331797.0
2023-03-02,38.15,38.8,38.15,38.6,3854002.0
2023-03-03,38.8,38.95,38.5,38.7,3865994.0
2023-03-06,38.75,39.35,38.7,38.9,3709095.0
2023-03-08,38.5,39.7,38.5,39.5,4762739.0
2023-03-09,39.4,39.7,38.95,39.05,4063388.0
2023-03-10,38.8,39.65,38.6,39.45,8699641.0
2023-03-13,39.65,39.75,38.6,38.85,5941315.0
2023-03-14,39.1,40.1,38.7,39.45,10989097.0
2023-03-15,40.0,42.05,39.7,41.35,34395621.0
2023-03-16,41.45,42.25,40.4,41.75,17398465.0
2023-03-17,42.15,42.85,41.85,42.7,21468791.0
2023-03-20,42.75,43.25,40.85,41.25,12181923.0
2023-03-21,41.45,41.45,39.75,39.85,7213732.0
2023-03-22,39.65,40.35,39.65,39.7,5190595.0
2023-03-23,39.75,39.95,39.3,39.45,3211083.0
2023-03-24,39.5,39.65,38.6,38.75,4841603.0
2023-03-27,38.75,38.85,38.25,38.45,16254901.0
2023-03-28,38.25,38.35,37.2,37.5,9335014.0
2023-03-29,37.7,39.65,37.5,39.2,12104832.0
2023-03-31,39.4,40.7,39.15,40.55,12953895.0
2023-04-03,40.7,43.7,40.6,43.45,33649897.0
2023-04-05,43.05,44.05,42.85,43.7,15870617.0
2023-04-06,43.6,44.6,43.15,43.95,17931991.0
2023-04-10,43.9,44.1,43.1,43.6,7235715.0
2023-04-11,43.2,44.1,43.2,43.35,6046340.0
2023-04-12,43.35,43.95,42.9,43.7,7294155.0
2023-04-13,43.65,44.7,43.5,43.9,11309050.0
2023-04-17,43.55,44.9,43.45,44.65,11911474.0
2023-04-18,44.75,44.85,43.75,44.3,9065127.0
2023-04-19,44.4,44.8,44.1,44.35,7428629.0
2023-04-20,44.35,45.1,44.25,44.4,10637469.0
2023-04-21,44.55,44.65,43.95,44.45,6214319.0
2023-04-24,44.7,44.75,44.1,44.6,9107250.0
2023-04-25,44.6,45.4,44.2,44.8,13527189.0
2023-04-26,44.85,45.15,44.65,44.8,8563719.0
2023-04-27,44.8,46.15,44.7,45.1,19626606.0
2023-04-28,45.45,45.7,45.25,45.65,9432892.0
2023-05-02,45.65,46.15,45.4,45.8,10257295.0
2023-05-03,45.65,46.9,45.5,46.25,13862360.0
2023-05-04,46.2,46.9,46.0,46.45,8160122.0
2023-05-05,46.25,46.8,45.45,45.6,6882807.0
2023-05-08,46.95,46.95,45.9,46.55,6608306.0
2023-05-09,46.65,46.9,45.7,45.8,12432885.0
2023-05-10,45.8,46.85,45.7,46.75,11099648.0
2023-05-11,46.9,47.35,46.45,46.5,8537192.0
2023-05-12,46.85,46.85,46.0,46.1,8533066.0
2023-05-15,46.1,46.55,45.6,46.05,18043618.0
2023-05-16,46.1,46.3,45.3,45.4,4916050.0
2023-05-17,45.4,45.7,45.05,45.6,4715032.0
2023-05-18,45.65,45.85,44.9,45.0,4768281.0
2023-05-19,45.05,45.25,44.45,45.15,6689415.0
2023-05-22,45.0,45.5,44.7,45.35,8466292.0
2023-05-23,45.45,45.65,44.95,45.3,6388824.0
2023-05-24,45.05,45.3,44.65,44.9,4547387.0
2023-05-25,44.6,45.5,44.6,44.95,4923087.0
2023-05-26,45.2,45.65,44.5,45.0,12924791.0
2023-05-29,44.3,44.3,40.0,40.55,45153505.0
2023-05-30,40.75,41.55,40.4,40.85,19190583.0
2023-05-31,40.95,41.25,40.3,40.5,14188091.0
2023-06-01,40.8,41.2,40.65,40.8,6279111.0
2023-06-02,41.1,41.5,40.85,41.3,7492897.0
2023-06-05,41.5,42.0,41.1,41.55,8170749.0
2023-06-06,41.5,42.1,41.35,41.65,7807290.0
2023-06-07,42.15,42.65,41.75,42.2,12417151.0
2023-06-08,42.45,42.75,42.0,42.1,7149697.0
2023-06-09,42.15,42.6,41.85,42.35,9354290.0
2023-06-12,42.5,42.6,42.1,42.35,5306624.0
2023-06-13,42.5,42.55,41.95,42.05,4959560.0
2023-06-14,42.25,43.3,42.05,43.2,9470785.0
2023-06-15,43.45,43.7,43.15,43.25,7642550.0
2023-06-16,43.5,43.5,43.0,43.1,4730158.0
2023-06-19,43.2,43.35,42.5,42.55,7784184.0
2023-06-20,42.55,43.2,42.2,43.1,3018101.0
2023-06-21,43.2,43.6,42.65,43.35,7654601.0
2023-06-22,43.7,43.7,41.85,42.4,10836618.0
2023-06-23,42.45,42.75,41.85,42.4,8102957.0
2023-06-26,42.25,42.85,41.75,42.35,11545975.0
2023-06-27,42.4,43.05,42.3,42.8,10500420.0
2023-06-28,42.9,43.3,42.4,42.6,13691234.0
2023-06-30,42.65,44.1,42.65,43.7,14667901.0
2023-07-03,43.9,44.3,43.6,43.75,6506578.0
2023-07-04,44.0,44.3,43.15,43.55,13814960.0
2023-07-05,43.6,44.0,43.4,43.8,3026198.0
2023-07-06,43.75,44.8,43.55,44.7,12093942.0
2023-07-07,44.75,45.45,44.45,45.15,9855004.0
2023-07-10,45.3,45.3,44.15,44.4,4094165.0
2023-07-11,44.35,45.1,44.35,44.6,2875965.0
2023-07-12,44.95,45.85,44.6,45.45,8727768.0
2023-07-13,45.5,45.65,44.0,44.2,9154654.0
2023-07-14,44.5,45.1,44.1,44.8,6100474.0
2023-07-17,45.25,45.3,44.85,45.05,3849078.0
2023-07-18,45.3,45.3,44.4,44.55,3250250.0
2023-07-19,44.6,44.9,44.5,44.75,2399291.0
2023-07-20,44.85,45.15,44.3,44.35,6109957.0
2023-07-21,44.3,44.65,44.0,44.2,3928656.0
2023-07-24,44.6,46.75,44.6,46.5,20028835.0
2023-07-25,47.0,48.8,46.7,48.25,40806033.0
2023-07-26,48.6,49.2,47.9,48.45,21822390.0
2023-07-27,48.8,49.8,48.55,49.2,24426760.0
2023-07-28,49.4,50.8,49.2,50.45,22759848.0
2023-07-31,50.85,52.0,50.7,51.55,15034584.0
2023-08-01,51.75,52.25,50.85,51.45,11311367.0
2023-08-02,51.4,51.85,50.25,51.1,10994781.0
2023-08-03,51.15,51.5,50.4,50.95,5419053.0
2023-08-04,50.8,51.65,50.7,51.45,7272861.0
2023-08-07,51.5,51.75,50.9,51.6,4781933.0
2023-08-08,51.85,52.5,51.4,52.1,9259136.0
2023-08-09,52.35,52.7,51.8,52.3,5947181.0
2023-08-10,52.4,54.55,52.1,53.35,17025214.0
2023-08-11,53.6,54.75,53.3,54.25,10974648.0
2023-08-14,54.2,54.2,52.05,52.9,8579828.0
2023-08-16,53.8,53.9,51.55,52.85,13982968.0
2023-08-17,53.1,53.75,52.75,53.65,6053149.0
2023-08-18,53.75,54.4,52.75,53.3,10071865.0
2023-08-21,53.95,55.7,53.45,55.4,19232830.0
2023-08-22,55.9,58.25,55.7,57.85,32240872.0
2023-08-23,58.1,60.25,58.1,59.3,30899192.0
2023-08-24,59.7,66.5,59.6,64.9,135946463.0
2023-08-25,63.95,66.75,61.4,62.2,72379150.0
2023-08-28,62.45,62.55,60.25,60.75,34933601.0
2023-08-29,60.8,63.0,60.6,61.05,28318471.0
2023-08-30,61.55,62.45,59.6,60.25,34475768.0
2023-08-31,60.65,62.65,59.55,61.75,50502513.0
2023-09-01,62.15,63.2,61.3,62.95,27651099.0
2023-09-04,63.45,64.9,63.0,63.35,16652913.0
2023-09-05,63.6,64.6,62.65,63.9,11812824.0
2023-09-06,64.1,64.1,62.2,62.85,7567262.0
2023-09-07,62.85,63.9,62.0,63.1,7631288.0
2023-09-08,63.45,64.25,63.1,63.8,8480182.0
2023-09-11,63.95,65.0,63.4,64.35,9991587.0
2023-09-12,64.75,64.75,59.25,59.5,19092349.0
2023-09-13,59.55,60.95,58.35,60.55,12937631.0
2023-09-14,61.0,61.5,60.5,61.1,7223461.0
2023-09-15,61.3,61.6,60.2,60.65,6556647.0
2023-09-18,60.55,61.0,59.65,59.85,4245604.0
2023-09-20,58.55,60.8,58.55,59.75,9459462.0
2023-09-21,60.0,60.4,58.5,59.0,7266479.0
2023-09-22,59.2,59.65,56.7,58.55,12703977.0
2023-09-25,58.65,58.9,57.65,58.5,6707147.0
2023-09-26,58.45,59.05,57.8,58.8,6050395.0
2023-09-27,58.75,59.35,58.3,59.0,5725577.0
2023-09-28,59.1,59.55,57.6,57.95,6242994.0
2023-09-29,58.3,60.0,58.3,59.55,10110709.0
2023-10-03,59.4,59.75,58.85,59.45,5841614.0
2023-10-04,59.1,59.9,57.9,58.7,5335769.0
2023-10-05,58.9,60.3,58.8,59.4,5036675.0
2023-10-06,59.65,61.85,59.3,61.6,12142486.0
2023-10-09,60.8,60.8,57.5,57.75,11462883.0
2023-10-10,58.0,59.5,58.0,59.05,6429882.0
2023-10-11,59.35,60.2,59.15,59.3,5579181.0
2023-10-12,59.6,59.8,58.85,59.05,5355501.0
2023-10-13,59.0,60.1,58.85,59.3,5048585.0
2023-10-16,59.0,59.4,58.6,58.75,3460194.0
2023-10-17,59.0,59.35,58.45,58.65,3601087.0
2023-10-18,58.85,58.95,57.5,57.8,4283287.0
2023-10-19,57.15,57.35,55.95,56.65,5939595.0
2023-10-20,56.2,56.65,55.0,55.9,7835932.0
2023-10-23,54.55,56.15,54.0,54.3,6068669.0
2023-10-25,54.0,55.6,53.1,54.05,4699445.0
2023-10-26,53.9,54.0,52.0,53.5,7448507.0
2023-10-27,54.2,55.1,54.05,54.85,4130005.0
2023-10-30,55.1,55.4,54.05,54.65,5157734.0
2023-10-31,54.95,55.7,54.45,54.6,5247975.0
2023-11-01,55.0,55.5,54.1,54.25,2619387.0
2023-11-02,55.0,56.5,54.5,56.0,4133434.0
2023-11-03,56.3,57.1,55.8,56.05,4793564.0
2023-11-06,56.5,57.0,55.95,56.5,3777488.0
2023-11-07,56.35,56.5,55.5,56.0,2832431.0
2023-11-08,56.05,57.0,56.0,56.65,3951807.0
2023-11-09,56.9,56.9,56.1,56.2,3474550.0
2023-11-10,56.5,58.4,55.7,57.65,15351937.0
2023-11-12,58.0,59.4,57.75,58.3,2357539.0
2023-11-13,58.3,58.3,57.0,57.25,3608807.0
2023-11-15,57.55,58.45,57.15,58.0,4153475.0
2023-11-16,58.2,58.35,57.5,57.6,3804394.0
2023-11-17,57.85,59.5,57.5,58.7,14167071.0
2023-11-20,59.0,59.0,57.25,57.7,7744798.0
2023-11-21,58.0,58.25,57.15,57.55,3556117.0
2023-11-22,57.65,58.05,56.4,57.35,6761170.0
2023-11-23,57.55,57.85,57.0,57.1,4213485.0
2023-11-24,57.25,60.9,57.05,60.35,22678150.0
2023-11-28,61.65,61.9,59.65,60.25,24275975.0
2023-11-29,60.55,61.5,60.2,60.3,46270600.0
2023-11-30,60.45,61.05,59.2,59.8,19272526.0
2023-12-01,60.2,61.35,60.2,60.9,14246978.0
2023-12-04,61.8,63.0,61.45,62.3,34976851.0
2023-12-05,62.55,63.9,61.1,62.1,27713959.0
2023-12-06,62.4,62.7,61.2,61.35,8068930.0
2023-12-07,61.55,63.25,60.65,61.7,25752912.0
2023-12-08,59.85,70.4,58.75,68.9,487219557.0
2023-12-11,71.45,74.4,69.55,73.1,165979376.0
2023-12-12,73.5,74.3,71.0,71.85,52604713.0
2023-12-13,72.1,78.1,71.85,77.15,139161372.0
2023-12-14,77.85,78.9,76.4,77.15,105827318.0
2023-12-15,77.7,78.2,76.05,77.5,49693156.0
2023-12-18,77.5,78.55,76.0,78.3,20331390.0
2023-12-19,78.35,79.5,74.65,75.7,19698623.0
2023-12-20,76.35,77.0,70.5,71.3,23442670.0
2023-12-21,70.9,74.05,69.6,73.4,20851861.0
2023-12-22,75.3,77.8,73.7,74.65,27907280.0
2023-12-26,75.05,75.6,73.65,73.95,13691736.0
2023-12-27,74.15,75.0,73.1,73.3,13530197.0
2023-12-28,73.7,77.1,72.95,76.3,44621995.0
2023-12-29,76.3,81.5,75.7,80.55,78284106.0
2024-01-01,80.9,82.3,79.85,80.35,37830090.0
2024-01-02,80.75,80.75,77.25,79.6,28625842.0
2024-01-03,79.95,83.0,78.85,81.8,36193954.0
2024-01-04,82.2,84.95,81.75,84.45,91736436.0
2024-01-05,84.8,85.25,81.9,83.9,40706295.0
2024-01-08,80.0,88.7,80.0,86.9,202570408.0
2024-01-09,87.6,88.25,84.1,84.8,48744140.0
2024-01-10,85.25,87.0,84.55,86.3,39105541.0
2024-01-11,86.6,87.25,83.3,85.3,80080582.0
2024-01-12,85.7,85.7,84.1,84.3,30674302.0
2024-01-15,84.8,85.3,82.8,83.25,22379230.0
2024-01-16,83.65,86.5,82.5,84.35,41718790.0
2024-01-17,84.35,85.7,82.7,83.4,31240324.0
2024-01-18,83.35,84.4,80.15,83.7,23950513.0
2024-01-19,83.0,84.55,81.85,82.5,38979778.0
2024-01-20,83.0,84.5,81.1,81.9,34168130.0
2024-01-23,82.5,83.0,74.25,75.5,43604317.0
2024-01-24,75.5,76.6,73.6,75.7,35773435.0
2024-01-25,76.05,79.1,75.5,77.05,56040749.0
2024-01-29,78.1,80.35,76.9,78.2,44502382.0
2024-01-30,78.85,81.7,78.15,78.8,37994594.0
2024-01-31,78.8,79.25,77.35,78.35,26944356.0
2024-02-01,76.15,79.95,76.05,79.1,39919389.0
2024-02-02,79.75,87.0,79.65,85.2,124563723.0
2024-02-05,85.7,89.75,85.5,87.35,84036591.0
2024-02-06,87.85,89.65,85.55,88.15,28893814.0
2024-02-07,88.65,91.3,88.05,90.8,63741860.0
2024-02-08,91.2,92.55,89.8,90.15,44963439.0
2024-02-09,90.3,90.55,84.2,88.85,35007959.0
2024-02-12,89.25,89.3,84.75,85.6,25142104.0
2024-02-13,89.45,91.15,85.8,89.85,85283123.0
2024-02-14,88.25,90.8,87.8,89.85,34239889.0
2024-02-15,90.6,91.7,89.1,90.35,31048461.0
2024-02-16,90.85,91.2,88.65,89.25,38111593.0
2024-02-19,89.8,92.85,87.75,92.1,51843868.0
2024-02-20,92.6,94.35,89.85,90.6,56491851.0
2024-02-21,90.9,90.9,84.55,86.25,63802448.0
2024-02-22,86.85,88.3,84.75,87.65,29169629.0
2024-02-23,88.25,89.65,87.75,88.35,25843128.0
2024-02-26,88.8,89.6,87.1,87.65,39761640.0
2024-02-27,87.9,88.4,85.4,85.75,75427795.0
2024-02-28,86.25,87.5,84.0,84.4,47472979.0
2024-02-29,84.8,85.35,82.6,84.0,341649737.0
2024-03-01,84.5,86.2,84.25,85.55,26544078.0
2024-03-02,85.7,86.75,85.5,85.8,4326231.0
2024-03-04,86.35,87.5,85.65,86.65,24955290.0
2024-03-05,86.55,87.65,86.0,86.75,16913400.0
2024-03-06,86.75,86.95,80.8,82.7,24841782.0
2024-03-07,83.15,85.15,82.65,84.5,14135199.0
2024-03-11,85.35,85.4,82.4,82.7,16717842.0
2024-03-12,82.95,83.4,80.55,80.95,19702229.0
2024-03-13,81.0,81.15,73.6,75.15,34943703.0
2024-03-14,76.35,78.6,74.5,78.05,30451300.0
2024-03-15,78.0,78.75,74.8,77.3,19455715.0
2024-03-18,77.3,78.2,76.25,77.1,9153822.0
2024-03-19,77.25,77.5,75.05,75.3,11022369.0
2024-03-20,76.0,76.3,73.0,74.65,15111132.0
2024-03-21,75.9,79.3,75.6,79.1,18986015.0
2024-03-22,79.15,79.6,78.0,78.65,9769561.0
2024-03-26,78.6,79.75,77.75,79.05,12905284.0
2024-03-27,81.4,81.4,79.4,79.8,26320881.0
2024-03-28,80.9,82.25,80.25,81.6,24357737.0
2024-04-01,82.4,84.0,82.3,83.55,14429781.0
2024-04-02,83.0,85.6,83.0,85.0,16799176.0
2024-04-03,85.25,85.4,83.8,84.05,15811657.0
2024-04-04,84.5,85.7,83.55,84.4,11970580.0
2024-04-05,84.4,86.7,83.85,85.65,33992152.0
2024-04-08,86.05,86.4,85.15,85.7,10248393.0
2024-04-09,85.95,86.5,84.45,84.8,10438396.0
2024-04-10,85.05,85.95,84.6,85.1,8040522.0
2024-04-12,85.1,85.55,83.45,83.7,15288438.0
2024-04-15,81.4,83.15,80.0,80.65,39207669.0
2024-04-16,80.5,81.1,79.4,80.5,13449634.0
2024-04-18,81.0,82.45,79.6,80.0,13758049.0
2024-04-19,78.7,81.25,78.25,80.65,17239317.0
2024-04-22,81.4,81.75,80.55,81.05,13243769.0
2024-04-23,81.5,83.0,80.65,82.35,18800097.0
2024-04-24,82.75,83.45,82.1,82.45,10812226.0
2024-04-25,82.65,85.5,82.15,85.15,29717351.0
2024-04-26,85.9,92.4,85.6,90.75,121203082.0
2024-04-29,91.75,91.9,86.9,87.4,69094550.0
2024-04-30,87.9,88.2,84.85,85.15,46391574.0
2024-05-02,85.75,88.8,83.5,88.15,69372247.0
2024-05-03,89.0,89.85,84.55,85.6,59484779.0
2024-05-06,85.95,85.95,81.7,83.3,23811979.0
2024-05-07,83.45,83.45,78.5,79.0,43376425.0
2024-05-08,79.6,82.1,77.6,80.6,28202896.0
2024-05-09,80.7,81.65,78.1,78.55,20898249.0
2024-05-10,79.25,80.95,77.85,80.1,15680082.0
2024-05-13,80.3,82.55,78.65,82.35,16718497.0
2024-05-14,82.85,83.75,82.3,83.45,12609063.0
2024-05-15,83.55,84.25,83.05,83.75,9378427.0
2024-05-16,84.0,85.0,82.45,82.95,9418488.0
2024-05-17,83.2,86.65,82.7,86.05,24862680.0
2024-05-18,86.3,86.9,85.8,86.0,3538755.0
2024-05-21,86.2,86.3,84.5,85.55,18753436.0
2024-05-22,85.95,87.85,83.9,87.5,49986916.0
2024-05-23,87.9,88.2,86.45,87.2,41608099.0
2024-05-24,87.0,88.15,85.65,86.95,34875202.0
2024-05-27,88.35,89.75,87.05,88.2,64829380.0
2024-05-28,88.7,89.1,86.55,87.5,41133318.0
2024-05-29,87.5,87.9,86.35,87.0,40724431.0
2024-05-30,88.75,88.8,80.25,81.05,97495544.0
2024-05-31,82.5,85.1,82.5,84.6,81926700.0
2024-06-03,88.85,88.95,87.15,88.3,58456620.0
2024-06-04,88.0,88.0,70.65,76.6,115226707.0
2024-06-05,78.0,82.5,73.35,81.75,71682102.0
2024-06-06,82.3,86.4,82.0,84.3,61875083.0
2024-06-07,83.9,87.0,83.8,86.7,26367119.0
2024-06-10,87.0,88.3,86.4,86.93,26759808.0
2024-06-11,87.5,93.23,87.36,90.95,140719522.0
2024-06-12,92.25,92.8,89.2,90.13,48775636.0
2024-06-13,91.3,92.5,89.35,91.73,46860712.0
2024-06-14,92.88,94.55,91.76,93.92,92400158.0
2024-06-18,95.1,98.0,95.05,97.84,115730997.0
2024-06-19,98.6,100.7,95.5,97.88,120276067.0
2024-06-20,98.31,99.1,96.41,96.99,32609865.0
2024-06-21,97.2,99.68,96.1,97.97,52096986.0
2024-06-24,97.3,98.87,95.95,96.91,26259521.0
2024-06-25,97.1,97.69,94.61,95.07,23217837.0
2024-06-26,95.5,99.6,94.86,98.28,63535658.0
2024-06-27,98.5,101.25,97.49,99.24,60678698.0
2024-06-28,99.5,99.6,95.74,96.57,38975155.0
2024-07-01,96.0,97.95,95.26,97.62,20727809.0
2024-07-02,97.3,98.49,95.16,95.87,30125285.0
2024-07-03,96.4,96.9,95.72,96.54,11316517.0
2024-07-04,96.9,98.2,96.5,96.83,13921325.0
2024-07-05,96.5,97.39,95.89,96.23,11040422.0
2024-07-08,96.23,99.4,95.0,98.9,24269090.0
2024-07-09,99.6,100.62,97.8,98.57,22715631.0
2024-07-10,98.8,99.53,94.57,97.55,21356245.0
2024-07-11,98.0,99.7,97.71,98.72,15328902.0
2024-07-12,98.99,100.57,97.2,97.74,36609764.0
2024-07-15,98.0,98.75,96.15,98.09,14466846.0
2024-07-16,98.0,100.0,96.6,96.91,27348929.0
2024-07-18,97.02,98.0,94.75,95.93,18804375.0
2024-07-19,95.93,95.93,91.56,91.94,24364590.0
2024-07-22,92.5,94.37,90.71,94.0,27658139.0
2024-07-23,94.0,96.4,88.73,94.13,47125296.0
2024-07-24,94.2,95.85,93.81,95.29,16610113.0
2024-07-25,94.69,94.93,93.26,94.1,10902252.0
2024-07-26,93.9,97.69,93.89,97.27,20947325.0
2024-07-29,97.76,99.0,96.25,97.25,21968001.0
2024-07-30,97.6,101.5,96.9,99.97,28982515.0
2024-07-31,102.5,103.75,101.48,101.73,47293326.0
2024-08-01,102.0,102.53,99.55,101.52,18419300.0
2024-08-02,97.55,100.73,97.36,98.0,28298007.0
2024-08-05,95.0,95.8,90.1,92.5,40083603.0
2024-08-06,93.29,95.87,91.7,92.09,24599252.0
2024-08-07,94.45,97.31,93.71,96.98,23761549.0
2024-08-08,96.98,100.2,96.36,98.69,31402322.0
2024-08-09,99.9,100.49,98.96,99.48,18097097.0
2024-08-12,99.48,99.49,97.7,98.02,16492152.0
2024-08-13,97.5,98.48,94.4,94.81,14108542.0
2024-08-14,94.0,94.7,92.31,92.73,15858298.0
2024-08-16,94.4,96.29,93.12,95.87,10705031.0
2024-08-19,97.4,97.73,96.01,96.29,28104301.0
2024-08-20,96.4,96.82,95.35,95.55,19092986.0
2024-08-21,95.7,96.15,94.8,94.92,16780064.0
2024-08-22,96.45,96.83,94.79,95.01,21874232.0
2024-08-23,95.15,98.1,93.77,95.85,95397103.0
2024-08-26,96.34,96.71,94.9,95.94,22016952.0
2024-08-27,96.0,96.88,95.02,95.5,18564985.0
2024-08-28,95.5,96.76,94.17,94.66,60839359.0
2024-08-29,94.75,94.97,92.84,94.11,26954557.0
2024-08-30,95.0,95.25,93.73,94.48,28561801.0
2024-09-02,95.0,95.25,92.54,93.38,12416497.0
2024-09-03,93.6,94.35,93.34,94.08,8327582.0
2024-09-04,93.66,94.8,93.07,93.42,8262756.0
2024-09-05,93.75,96.9,92.5,95.77,123773625.0
2024-09-06,95.77,96.17,90.68,91.03,39150062.0
2024-09-09,90.6,91.35,89.21,90.89,16636538.0
2024-09-10,92.75,93.27,91.77,92.58,22804252.0
2024-09-11,93.0,94.4,92.2,92.54,20636627.0
2024-09-12,94.0,94.3,92.7,93.89,13560571.0
2024-09-13,94.8,96.8,94.39,96.03,26520675.0
2024-09-16,97.0,97.94,96.21,97.13,18632178.0
2024-09-17,97.69,98.23,95.5,95.68,16020892.0
2024-09-18,95.99,96.3,93.68,94.05,12812312.0
2024-09-19,94.65,95.52,90.88,92.65,22329080.0
2024-09-20,93.5,95.4,92.82,94.53,82880399.0
2024-09-23,95.02,95.87,94.49,95.29,45222207.0
2024-09-24,95.9,96.0,94.79,95.36,23003532.0
2024-09-25,95.3,95.5,93.7,94.52,9382737.0
2024-09-26,94.3,94.49,92.74,94.11,14245128.0
2024-09-27,94.1,95.84,93.89,95.09,17892851.0
2024-09-30,94.93,95.51,93.4,94.06,27171343.0
2024-10-01,94.0,94.93,93.55,93.93,6427524.0
2024-10-03,92.5,93.19,88.21,88.63,30507677.0
2024-10-04,88.7,90.84,87.9,89.94,44536329.0
2024-10-07,90.09,90.48,84.57,85.27,19453347.0
2024-10-08,86.84,87.81,85.0,87.2,24641127.0
2024-10-09,88.85,89.55,86.93,87.69,56656765.0
2024-10-10,89.0,90.78,88.57,88.85,16067072.0
2024-10-11,89.0,89.17,87.92,88.42,5711389.0
2024-10-14,88.35,89.25,88.21,88.95,5903276.0
2024-10-15,89.4,89.75,88.78,89.54,7812014.0
2024-10-16,89.52,89.83,88.61,89.36,10230032.0
2024-10-17,90.0,90.14,86.15,86.59,16629384.0
2024-10-18,86.0,86.43,84.68,85.76,11983548.0
2024-10-21,85.0,85.74,82.51,82.96,15886550.0
2024-10-22,84.25,84.51,79.76,80.39,34980173.0
2024-10-23,81.0,82.85,79.45,82.23,24982283.0
2024-10-24,83.01,83.65,82.16,82.52,14325395.0
2024-10-25,79.5,81.21,77.67,78.82,26995746.0
2024-10-28,80.4,80.4,76.1,77.94,23819510.0
2024-10-29,78.01,79.86,76.45,79.48,24154169.0
2024-10-30,79.5,81.52,78.69,80.77,20826727.0
2024-10-31,80.84,80.94,78.85,79.32,16681311.0
2024-11-01,79.57,80.48,79.35,79.99,2173451.0
2024-11-04,80.0,80.14,76.62,77.94,15366033.0
2024-11-05,77.21,78.9,76.12,78.46,13676142.0
2024-11-06,79.0,81.92,78.93,81.62,22714681.0
2024-11-07,81.85,82.27,80.65,80.89,15655489.0
2024-11-08,80.46,81.79,79.7,80.29,9328340.0
2024-11-11,79.5,80.39,78.73,79.49,7182092.0
2024-11-12,79.59,80.22,77.75,78.22,6872819.0
2024-11-13,77.93,78.37,75.41,76.01,9038751.0
2024-11-14,76.12,77.45,75.73,76.81,12842078.0
2024-11-18,77.0,78.99,75.95,78.01,17220570.0
2024-11-19,80.5,82.4,79.15,80.53,43057112.0
2024-11-21,80.37,80.37,74.12,76.85,72676903.0
2024-11-22,77.99,79.64,76.85,79.16,14612979.0
2024-11-25,82.35,82.35,79.73,80.05,31694346.0
2024-11-26,80.0,81.1,79.33,80.19,9168793.0
2024-11-27,80.65,82.04,79.93,81.81,12574153.0
2024-11-28,82.05,82.94,81.53,82.49,35219816.0
2024-11-29,82.62,83.91,82.16,83.21,22669084.0
2024-12-02,83.2,83.65,82.29,83.34,14744874.0
2024-12-03,83.5,84.18,83.3,83.61,17166826.0
2024-12-04,83.71,84.24,83.15,83.89,10260533.0
2024-12-05,83.87,84.42,83.06,84.03,6818799.0
2024-12-06,84.35,85.28,84.08,84.5,7902560.0
2024-12-09,84.5,87.19,84.36,86.2,19140139.0
2024-12-10,86.2,86.4,84.51,85.13,7434198.0
2024-12-10,86.2,86.4,84.51,85.13,7434198.0
2024-12-11,84.75,85.84,84.75,85.44,5476910.0
2024-12-12,85.7,85.7,84.2,84.56,7381845.0
2024-12-13,83.81,84.47,81.92,83.95,7881359.0
2024-12-16,84.05,84.44,83.65,83.9,4526525.0
2024-12-17,85.4,85.76,83.0,83.44,13065340.0
2024-12-18,83.0,83.16,81.58,82.15,7559892.0
2024-12-19,80.2,81.49,80.2,80.63,4878495.0
2024-12-20,81.6,81.6,78.0,78.82,10082347.0
2024-12-23,79.18,80.64,78.55,79.3,19622227.0
2024-12-24,79.49,80.48,78.66,79.15,6303126.0
2024-12-26,79.15,79.75,78.56,79.04,10679581.0
2024-12-27,79.8,80.14,78.92,79.05,10133639.0
2024-12-30,79.24,79.75,76.71,77.32,16632173.0
2024-12-31,77.05,78.81,76.96,78.56,14038476.0
2025-01-01,78.99,79.05,77.8,78.59,3400151.0
2025-01-02,78.74,79.05,78.03,78.69,4945975.0
2025-01-03,78.41,79.92,78.26,78.68,6224506.0
2025-01-06,78.99,78.99,75.93,76.42,19299307.0
2025-01-07,76.3,77.57,76.11,76.64,6456372.0
2025-01-08,76.49,77.22,75.0,76.81,9678431.0
2025-01-09,77.36,77.36,75.86,76.08,5515487.0
2025-01-10,76.09,76.3,74.0,74.53,11314699.0
2025-01-13,73.0,73.98,69.27,69.7,18419378.0
2025-01-14,70.99,73.13,70.34,72.2,23038361.0
2025-01-15,72.5,74.69,72.5,74.32,9958755.0
2025-01-16,74.91,75.65,74.49,74.68,13439651.0
2025-01-17,74.68,76.49,74.14,76.07,8571378.0
2025-01-20,75.89,77.35,75.62,76.77,8011477.0
2025-01-21,77.01,77.3,74.11,74.36,10210742.0
2025-01-22,74.57,74.7,70.85,72.98,14826279.0
2025-01-23,73.2,73.74,72.33,73.5,6441341.0
2025-01-24,73.5,74.01,71.1,71.49,10814737.0
2025-01-27,70.89,71.03,69.66,70.51,12784262.0
2025-01-28,70.81,72.0,68.9,71.06,13779506.0
2025-01-29,73.0,73.71,70.76,71.26,25973856.0
2025-01-30,72.19,72.49,70.76,71.2,19604319.0
2025-01-31,71.3,73.08,70.73,72.67,14887641.0
2025-02-01,72.99,75.05,72.13,73.78,20661157.0
2025-02-03,73.45,73.88,71.64,73.48,12042878.0
2025-02-04,73.9,75.19,72.75,74.54,11094557.0
2025-02-05,74.87,76.6,74.79,75.45,11174536.0
2025-02-06,75.65,76.05,74.0,74.68,12500383.0
2025-02-07,75.25,75.32,73.25,74.53,8991765.0
2025-02-10,74.49,74.89,72.85,73.67,6258171.0
2025-02-11,73.35,73.61,71.26,71.91,11227846.0
2025-02-12,71.63,72.48,69.4,72.06,12117986.0
2025-02-13,72.79,73.79,72.25,72.61,6707272.0
2025-02-14,72.65,73.0,68.71,70.48,17831038.0
2025-02-17,70.05,70.67,68.34,70.26,24818366.0
2025-02-18,71.25,71.9,68.67,70.79,14300469.0
2025-02-19,70.78,71.43,69.45,70.27,20210142.0
2025-02-20,70.3,71.71,69.41,71.33,13866438.0
2025-02-21,70.55,71.92,69.44,69.93,7232594.0
2025-02-24,69.1,70.08,67.81,69.63,11087449.0
2025-02-25,69.6,70.3,69.35,69.77,3943887.0
2025-02-27,69.95,70.34,69.0,69.29,9102396.0
2025-02-28,68.95,69.75,67.75,69.47,22302860.0
2025-03-03,70.3,70.3,68.35,69.82,9150104.0
2025-03-04,69.5,71.6,69.0,71.2,8454397.0
2025-03-05,70.53,74.4,70.53,74.15,11847842.0
2025-03-06,74.31,74.87,73.47,73.71,6972387.0
2025-03-07,73.06,74.52,72.25,72.82,7258727.0
2025-03-10,72.9,74.18,71.35,71.79,5552361.0
2025-03-11,71.35,74.7,70.54,74.11,11741836.0
2025-03-12,74.15,74.64,72.57,73.62,5529681.0
2025-03-13,73.99,74.69,73.0,74.33,8234957.0
2025-03-17,74.8,75.19,73.8,74.17,8310284.0
2025-03-18,74.74,75.3,74.35,74.95,6809908.0
2025-03-19,75.5,76.98,74.79,76.68,6798346.0
2025-03-20,77.0,77.49,75.91,76.65,9665287.0
2025-03-21,76.7,77.75,76.35,77.36,9877735.0
2025-03-24,78.0,78.75,77.56,77.92,7652689.0
2025-03-25,78.6,78.6,75.39,75.68,5077844.0
2025-03-26,75.69,77.25,75.4,76.24,20718143.0
2025-03-27,75.9,76.74,74.96,75.94,27995886.0
2025-03-28,76.4,77.45,75.35,75.73,29733998.0
2025-04-01,76.8,78.14,75.9,77.36,14007197.0
2025-04-02,77.49,79.1,75.83,78.84,14793006.0
2025-04-03,78.26,83.2,78.11,82.7,24331046.0
2025-04-04,83.15,84.08,80.31,80.74,29180057.0
2025-04-07,77.0,83.0,76.66,82.22,57951987.0
2025-04-08,83.92,85.85,81.87,85.38,23365934.0
2025-04-09,85.65,86.55,84.5,85.85,14444164.0
2025-04-11,86.1,87.14,85.07,85.72,31659595.0
2025-04-15,87.0,87.07,85.71,86.03,28056085.0
2025-04-16,86.0,86.55,84.8,85.64,7446581.0
2025-04-17,85.5,87.5,85.49,86.53,8528599.0
2025-04-21,87.2,87.4,86.03,86.75,9542428.0
2025-04-22,86.98,87.95,86.2,86.65,12081653.0
2025-04-23,87.0,87.9,85.71,87.57,7867039.0
2025-04-24,87.75,89.5,87.3,89.0,16901230.0
2025-04-25,89.72,90.19,83.86,85.5,18253042.0
2025-04-28,85.0,88.97,84.86,88.17,15728517.0
2025-04-29,88.17,90.08,88.06,89.4,40899069.0
2025-04-30,89.2,89.77,86.64,87.19,21631744.0
2025-05-02,87.15,88.88,87.02,87.22,6521005.0
2025-05-05,87.39,88.68,87.27,88.09,5839967.0
2025-05-06,88.08,88.36,85.96,86.42,5035966.0
2025-05-07,84.5,87.57,84.5,87.02,7743072.0
2025-05-08,87.02,87.55,84.05,84.82,6727434.0
2025-05-09,82.2,84.5,80.5,84.2,9617387.0
2025-05-12,88.0,89.06,87.06,88.06,19514300.0
2025-05-13,88.06,88.39,86.93,87.19,5097283.0
2025-05-14,87.69,88.29,87.15,87.61,4455214.0
2025-05-15,88.25,89.82,87.78,89.14,10063479.0
2025-05-16,90.1,91.75,88.51,91.07,17512752.0
2025-05-19,91.65,91.72,87.2,87.43,13853534.0
2025-05-20,87.98,88.12,85.65,85.81,7335499.0
2025-05-21,84.7,87.75,84.7,87.63,8434940.0
2025-05-22,87.55,89.31,87.05,88.95,11246188.0
2025-05-23,89.7,89.7,86.6,86.86,14874983.0
2025-05-26,87.4,87.4,85.81,86.51,7586067.0
2025-05-27,86.4,87.27,86.07,86.79,9011624.0
2025-05-28,87.0,87.1,86.12,86.28,4888292.0
2025-05-29,86.51,86.69,85.63,86.48,5258085.0
2025-05-30,86.75,86.75,83.4,84.08,22217071.0
2025-06-02,84.05,85.85,83.66,85.54,7079328.0
2025-06-03,85.75,86.02,84.76,85.34,7063568.0
2025-06-04,85.34,85.6,83.9,83.99,9835009.0
2025-06-05,84.36,85.5,83.99,84.91,7124566.0
2025-06-06,85.0,86.54,84.74,86.26,7098507.0
2025-06-09,86.69,87.17,86.01,86.37,6525950.0
2025-06-10,86.35,86.43,84.95,85.08,8154804.0
2025-06-11,85.05,85.94,84.15,84.45,4614887.0
2025-06-12,84.5,85.2,81.33,81.91,8031240.0
2025-06-13,80.4,81.65,79.92,80.9,20850809.0
2025-06-16,81.8,83.86,80.9,83.57,11215638.0
2025-06-17,83.59,84.19,82.41,82.76,6610310.0
2025-06-18,83.23,83.55,82.53,82.75,6693801.0
2025-06-19,82.8,83.05,80.25,80.55,12955527.0
2025-06-20,80.55,81.7,80.38,80.97,71820397.0
2025-06-23,80.88,82.0,80.38,81.39,7720298.0
2025-06-24,82.0,83.8,81.81,83.2,11982995.0
2025-06-25,83.8,83.8,82.96,83.58,13168294.0
2025-06-26,83.8,85.0,83.44,84.87,14072936.0
2025-06-27,85.1,85.64,83.29,84.76,11946465.0
2025-06-30,85.04,85.39,84.36,85.19,8827649.0
2025-07-01,85.31,86.5,85.01,86.01,14033352.0
2025-07-02,86.39,88.8,86.21,88.4,26797812.0
2025-07-03,90.0,90.28,88.01,88.47,22497196.0
2025-07-04,88.56,90.06,88.36,89.91,17133306.0
2025-07-07,90.0,90.6,89.34,90.07,8695402.0
2025-07-08,90.07,91.55,89.93,91.24,16788875.0
2025-07-09,91.5,93.96,91.44,92.8,23779994.0
2025-07-10,92.9,93.19,91.65,92.3,7332739.0
2025-07-11,92.0,92.45,90.25,90.61,6945089.0
2025-07-14,90.3,92.39,89.65,91.66,9763399.0
2025-07-15,91.93,92.24,90.75,91.88,11959963.0
2025-07-17,94.4,95.36,94.0,94.68,16447532.0
2025-07-18,95.1,97.0,93.96,94.32,18646049.0
2025-07-21,94.5,94.53,93.16,93.44,4922563.0
2025-07-22,93.8,93.83,91.75,91.92,7543460.0
2025-07-23,92.06,92.25,90.6,91.38,9993200.0
2025-07-24,91.3,92.34,91.14,91.83,6559443.0
2025-07-25,91.14,91.8,89.62,89.93,4900239.0
2025-07-28,89.5,91.57,89.04,89.65,9324951.0
2025-07-29,89.7,90.71,89.05,90.22,7188716.0
2025-07-30,91.89,92.43,89.43,89.84,9985594.0
2025-07-31,88.3,90.96,88.3,90.06,10254931.0
2025-08-01,90.06,91.21,89.01,89.42,12775865.0
2025-08-04,89.42,91.66,88.68,91.47,16647076.0
2025-08-05,91.55,93.0,91.2,92.81,13454598.0
2025-08-06,93.4,93.4,90.74,91.39,13230869.0
2025-08-07,90.8,91.16,89.0,90.63,11333128.0
2025-08-08,90.6,91.09,89.0,89.19,5554641.0
2025-08-11,89.2,89.95,88.47,89.32,3493527.0
2025-08-12,89.1,89.43,87.57,88.26,5637915.0
2025-08-13,88.38,89.32,87.92,88.65,13947975.0
2025-08-14,88.74,90.9,88.74,90.77,7283392.0
2025-08-18,91.02,91.42,89.5,90.2,5097534.0
2025-08-19,91.29,91.29,90.07,90.44,5846344.0
2025-08-20,90.4,91.69,89.98,91.01,6498605.0
2025-08-21,91.1,91.31,88.85,88.96,5796455.0
2025-08-22,90.0,90.11,89.13,89.55,7729819.0
2025-08-25,89.55,90.24,88.65,88.84,7007338.0
2025-08-26,88.2,89.1,87.3,88.7,9583336.0
2025-08-28,88.49,88.6,86.2,86.43,10380000.0
2025-08-29,86.0,87.33,85.7,86.07,10303831.0
2025-09-01,86.14,87.42,86.07,87.03,9371787.0
2025-09-02,87.39,88.06,86.81,87.04,4217959.0
2025-09-03,86.99,87.5,86.68,87.37,3802856.0
2025-09-04,87.4,88.75,86.45,86.55,4469534.0
2025-09-05,86.1,87.12,84.93,85.95,6483794.0
2025-09-08,86.14,86.85,85.81,86.28,5384432.0
2025-09-09,86.36,88.55,86.35,86.82,14512873.0
2025-09-10,87.32,87.68,86.89,87.13,5854988.0
2025-09-11,87.49,88.63,86.86,87.25,97395891.0
2025-09-12,88.4,89.07,87.21,88.13,81124952.0
2025-09-15,88.41,89.79,87.99,89.17,15155024.0
2025-09-16,89.49,93.41,89.26,92.84,32438451.0
2025-09-17,93.0,93.49,91.53,91.88,9066947.0
2025-09-18,92.09,92.49,91.0,91.77,4742266.0
2025-09-19,91.76,93.78,91.75,92.53,18989198.0
2025-09-22,92.53,92.84,90.72,91.17,4486135.0
2025-09-23,90.84,91.39,89.93,90.53,5911961.0
2025-09-24,90.49,90.85,88.9,89.05,4269311.0
2025-09-25,89.49,90.24,88.92,89.12,7859387.0
2025-09-26,88.7,89.29,86.94,87.28,7715812.0
2025-09-29,87.22,87.65,86.02,86.9,8378717.0
2025-09-30,86.92,87.95,86.08,87.2,13143816.0
2025-10-01,87.2,89.95,87.2,89.34,5199508.0
2025-10-03,89.4,90.27,89.05,89.28,6940845.0
2025-10-06,89.18,89.47,87.5,88.7,7601497.0
2025-10-07,88.77,89.15,88.21,88.39,3176718.0
2025-10-08,88.38,88.45,86.95,87.59,6861831.0
2025-10-09,87.15,91.1,87.07,90.71,12062943.0
2025-10-10,90.71,91.16,89.85,90.35,4874972.0
2025-10-13,89.9,90.49,88.58,89.85,4918636.0
2025-10-14,90.5,90.88,88.3,88.84,3991563.0
2025-10-15,89.1,90.54,88.5,90.16,4646050.0
2025-10-16,89.96,91.15,89.79,90.87,6688742.0
2025-10-17,90.81,90.82,89.6,90.15,5675574.0
2025-10-20,90.1,92.14,89.97,91.96,8623578.0
2025-10-21,92.5,92.58,91.6,92.01,1659032.0
2025-10-23,91.3,93.35,91.3,92.31,22751127.0
2025-10-24,92.35,94.68,92.19,93.2,27201354.0
2025-10-27,94.0,94.0,91.87,92.34,9440624.0
2025-10-28,92.34,93.59,92.18,92.69,11137106.0
2025-10-29,92.65,93.58,91.73,92.97,15092548.0
2025-10-30,93.21,95.5,93.2,94.47,26516655.0
2025-10-31,95.2,95.94,93.7,93.97,12371529.0
2025-11-03,93.97,94.1,93.03,93.5,3907119.0
2025-11-04,94.01,96.22,94.0,95.16,16023424.0
2025-11-06,94.1,96.43,94.1,94.45,11103563.0
2025-11-07,94.3,96.3,94.0,95.66,17206733.0
2025-11-10,95.11,96.72,95.11,95.65,10726731.0
2025-11-11,95.5,95.8,94.45,95.49,6227895.0
2025-11-12,95.99,96.27,94.64,95.5,10526450.0
2025-11-13,95.25,96.2,95.09,95.49,10602571.0
2025-11-14,97.65,99.19,94.65,95.67,28366853.0
2025-11-17,97.46,98.08,96.42,97.68,16152779.0
2025-11-18,97.66,104.85,97.5,103.72,103946808.0
2025-11-19,104.2,104.7,102.52,102.92,24782245.0
2025-11-20,102.92,104.44,102.6,103.27,22471259.0
2025-11-21,103.25,105.49,102.55,104.05,36366106.0
2025-11-24,104.68,104.7,102.89,103.76,30916627.0
2025-11-25,103.49,105.99,103.32,104.21,27430965.0
2025-11-26,104.98,107.07,104.61,106.76,27688034.0
2025-11-27,107.2,107.21,106.23,106.69,13820784.0
2025-11-28,106.2,109.07,106.0,108.35,25821928.0
2025-12-01,108.9,109.6,106.83,107.64,40681263.0
2025-12-02,107.2,110.36,106.43,106.63,57495746.0
2025-12-03,107.39,107.91,104.9,105.35,36117634.0
2025-12-04,105.0,105.84,102.84,103.06,23135574.0
2025-12-05,102.56,103.97,101.0,103.51,30961152.0
2025-12-08,103.51,103.74,97.93,98.71,15105989.0
2025-12-09,98.0,100.99,98.0,100.41,22493544.0
2025-12-10,100.85,100.85,97.9,98.54,8694060.0
2025-12-11,98.54,98.66,96.95,98.16,8604476.0
2025-12-12,98.9,104.74,98.23,104.34,71679432.0
2025-12-15,103.95,106.9,103.24,104.88,42888244.0
2025-12-16,104.9,105.99,102.65,103.52,13369715.0
2025-12-17,103.2,104.0,100.4,100.95,11526107.0
2025-12-18,100.99,101.05,99.26,100.59,7539349.0
2025-12-19,100.64,102.19,100.48,101.53,32492470.0
2025-12-22,102.05,103.34,101.6,102.17,9042603.0
2025-12-23,102.45,105.27,101.21,104.89,15810413.0
2025-12-24,105.22,105.69,102.96,103.08,12397732.0
2025-12-26,103.1,104.25,102.12,102.45,7845932.0
2025-12-29,102.45,102.9,100.91,101.96,13106422.0
2025-12-30,101.86,103.66,101.08,102.86,52546038.0
2025-12-31,103.1,105.05,102.6,104.37,13535325.0
2026-01-01,104.38,105.78,103.78,105.5,8598840.0
2026-01-02,105.7,106.2,105.2,105.77,7760926.0
2026-01-05,106.0,108.02,104.7,105.74,11284687.0
2026-01-06,105.74,105.77,103.37,104.52,5695438.0
2026-01-07,103.5,105.3,103.38,104.51,11690565.0
2026-01-08,104.11,104.99,102.15,102.51,5256346.0
2026-01-09,102.03,103.08,99.62,99.89,8529385.0
2026-01-12,99.5,100.62,97.72,99.88,13213014.0
2026-01-13,99.8,100.5,98.55,99.27,6978211.0
2026-01-14,98.54,100.13,98.16,99.7,19678439.0
2026-01-16,99.99,102.47,99.69,99.9,15001263.0
2026-01-19,99.9,101.2,99.21,100.23,5955988.0
2026-01-20,100.8,100.8,95.42,95.93,10626100.0
2026-01-21,96.22,96.35,93.36,93.84,13017979.0
2026-01-22,94.99,96.44,94.6,95.1,4884886.0
2026-01-23,95.23,95.39,90.98,91.21,9986400.0
2026-01-27,91.31,93.11,89.35,92.64,40547468.0
2026-01-28,93.1,94.25,92.08,93.91,20849768.0
2026-01-29,93.91,94.49,92.91,94.18,8994967.0
2026-01-30,92.9,94.4,92.9,93.89,20963609.0
2026-02-01,94.0,94.3,88.01,89.8,6682227.0
2026-02-02,89.87,94.31,89.12,94.01,26494437.0
2026-02-03,96.01,97.58,94.34,95.22,15238593.0
2026-02-04,95.2,98.83,94.71,98.08,20822852.0
2026-02-05,98.57,98.57,96.81,97.43,8004097.0
2026-02-06,97.0,97.72,95.91,97.51,10911384.0
2026-02-09,98.26,98.62,97.49,97.98,21209846.0
2026-02-10,98.15,98.57,96.92,97.81,7299407.0
2026-02-11,97.94,97.96,96.15,96.81,4881186.0
2026-02-12,96.81,97.33,95.8,96.33,5746310.0
2026-02-13,95.6,96.0,93.53,94.03,7836032.0
2026-02-16,95.15,101.4,95.15,100.52,50976360.0
2026-02-17,99.87,102.55,99.12,99.8,25514687.0
2026-02-18,99.8,101.64,99.12,100.36,12811121.0
2026-02-19,100.7,100.99,98.8,99.06,10000773.0
2026-02-20,99.01,100.39,98.68,99.75,6998470.0
2026-02-23,100.89,101.5,99.93,100.84,7231415.0
2026-02-24,100.5,102.5,99.65,101.7,7047232.0
2026-02-25,102.78,103.03,101.5,102.27,10916245.0
2026-02-26,101.81,103.0,101.51,102.26,4703063.0
2026-02-27,101.76,102.29,99.57,100.63,19213349.0
2026-03-02,96.1,99.08,95.05,96.49,11996476.0
2026-03-04,93.97,96.1,92.5,95.2,13937168.0
2026-03-05,95.5,98.79,95.5,97.98,22736777.0
2026-03-06,97.41,99.5,94.84,95.06,18335854.0
2026-03-09,93.19,93.31,90.64,92.07,13164377.0
2026-03-10,94.0,97.0,93.2,95.53,14065830.0
2026-03-11,95.53,97.15,93.56,93.79,4362786.0
2026-03-12,93.01,95.08,92.08,93.29,17490118.0
2026-03-13,93.0,93.01,88.85,89.26,10707023.0
2026-03-16,90.0,92.05,88.77,90.5,15405960.0
2026-03-17,90.9,91.1,89.66,90.3,6931780.0
2026-03-18,90.5,92.63,89.77,92.02,9315459.0
2026-03-19,90.75,91.1,87.33,88.45,12568247.0
2026-03-20,89.0,92.95,89.0,90.56,24147369.0
2026-03-23,90.15,90.15,84.49,84.77,10647285.0
2026-03-24,88.0,90.34,86.95,89.02,15094837.0
2026-03-25,89.5,91.53,89.31,90.06,20843793.0
2026-03-27,90.12,90.19,87.59,89.09,9727084.0
2026-03-30,87.0,87.99,84.11,84.75,64917485.0
2026-04-01,86.86,90.85,85.85,89.29,18020403.0
2026-04-02,88.36,89.17,85.71,88.87,8419680.0
2026-04-06,89.0,91.47,87.4,91.2,14013744.0
2026-04-07,90.7,91.34,89.05,90.93,12369685.0
2026-04-08,94.05,96.5,93.85,95.82,14529232.0
2026-04-09,95.81,95.82,93.92,94.53,11784121.0
2026-04-10,94.99,96.0,94.39,95.25,19062866.0
2026-04-13,92.15,95.34,91.6,94.92,15006282.0
2026-04-15,97.6,100.0,97.06,99.22,21552860.0
2026-04-16,99.3,99.73,96.4,96.75,11144653.0
2026-04-17,96.75,97.93,95.8,96.85,11386763.0
2026-04-20,97.31,98.75,95.81,97.45,10712271.0
2026-04-21,97.39,98.95,97.03,97.24,15749965.0
2026-04-22,97.0,98.06,96.94,97.39,11305254.0
2026-04-23,96.99,97.2,95.41,96.44,11238685.0
2026-04-24,95.84,96.56,93.99,94.49,11935153.0
2026-04-27,95.2,96.75,95.19,95.74,10479798.0
2026-04-28,95.62,98.26,95.5,97.86,16047591.0
2026-04-29,98.5,98.5,96.11,96.43,12312794.0
2026-04-30,96.2,96.84,94.05,96.43,9110130.0
2026-05-04,96.4,100.42,96.22,98.9,20672000.0
2026-05-05,98.2,98.32,95.81,96.97,15164607.0
2026-05-06,97.8,99.75,95.95,99.23,15376427.0
2026-05-07,99.11,101.18,99.1,100.66,22959362.0
2026-05-08,100.66,101.79,100.0,101.32,19610249.0
